fuel,subcategory,transmission,price,year
1.0,1.0,1.0,10900.0,2021.0
1.0,0.0,0.0,19900.0,2020.0
1.0,0.0,0.0,15900.0,2018.0
1.0,0.0,0.0,27990.0,2024.0
1.0,1.0,1.0,7900.0,2015.0
1.0,0.0,0.0,18900.0,2020.0
1.0,0.0,0.0,23000.0,2023.0
1.0,0.0,0.0,19900.0,2017.0
1.0,0.0,1.0,11900.0,2015.0
1.0,1.0,0.0,30900.0,2023.0
1.0,0.0,0.0,27000.0,2022.0
1.0,1.0,1.0,16990.0,2023.0
1.0,0.0,0.0,36000.0,2025.0
1.0,0.0,0.0,11900.0,2015.0
1.0,0.0,0.0,26000.0,2017.0
1.0,0.0,1.0,12900.0,2020.0
1.0,0.0,0.0,32500.0,2020.0
1.0,0.0,0.0,23000.0,2021.0
1.0,0.0,0.0,32900.0,2018.0
1.0,0.0,1.0,17900.0,2021.0
1.0,0.0,0.0,37500.0,2023.0
1.0,0.0,0.0,28590.0,2025.0
1.0,0.0,0.0,52900.0,2022.0
1.0,0.0,0.0,17500.0,2018.0
1.0,0.0,0.0,24900.0,2018.0
1.0,0.0,0.0,154990.0,2023.0
1.0,0.0,0.0,23700.0,2019.0
1.0,0.0,0.0,17500.0,2012.0
1.0,0.0,0.0,36690.0,2023.0
1.0,1.0,1.0,10990.0,2023.0
1.0,0.0,0.0,18900.0,2021.0
1.0,0.0,0.0,22900.0,2008.0
1.0,0.0,1.0,14490.0,2023.0
1.0,0.0,1.0,36900.0,2019.0
1.0,0.0,0.0,18900.0,2018.0
1.0,0.0,0.0,34990.0,2020.0
1.0,0.0,0.0,22500.0,2023.0
1.0,0.0,0.0,62990.0,2024.0
1.0,1.0,0.0,65900.0,2019.0
1.0,0.0,0.0,22900.0,2022.0
1.0,0.0,0.0,28500.0,2017.0
1.0,0.0,0.0,25700.0,2024.0
1.0,0.0,0.0,22490.0,2022.0
1.0,0.0,0.0,25900.0,2022.0
1.0,0.0,0.0,29900.0,2022.0
1.0,0.0,1.0,19000.0,2023.0
1.0,0.0,1.0,34900.0,2013.0
1.0,0.0,0.0,35990.0,2023.0
1.0,0.0,0.0,19900.0,2018.0
1.0,0.0,0.0,22290.0,2022.0
1.0,0.0,0.0,16900.0,2017.0
1.0,0.0,0.0,14500.0,2023.0
1.0,0.0,0.0,17900.0,2019.0
1.0,0.0,0.0,24490.0,2023.0
1.0,0.0,0.0,32500.0,2024.0
1.0,0.0,0.0,21900.0,2018.0
1.0,0.0,0.0,35900.0,2021.0
1.0,0.0,0.0,17700.0,2024.0
1.0,0.0,0.0,60000.0,2022.0
1.0,0.0,0.0,34200.0,2021.0
1.0,0.0,0.0,31900.0,2022.0
1.0,1.0,0.0,15990.0,2023.0
1.0,0.0,0.0,98991.0,2024.0
1.0,0.0,0.0,52900.0,2021.0
1.0,0.0,1.0,12900.0,2023.0
1.0,0.0,0.0,22500.0,2025.0
1.0,0.0,0.0,16000.0,2019.0
1.0,0.0,1.0,18900.0,2023.0
1.0,0.0,0.0,18900.0,2018.0
1.0,0.0,0.0,16500.0,2023.0
1.0,0.0,0.0,27900.0,2024.0
1.0,0.0,0.0,13700.0,2023.0
1.0,0.0,0.0,39900.0,2025.0
1.0,0.0,0.0,36900.0,2022.0
1.0,0.0,0.0,35000.0,2025.0
1.0,0.0,1.0,52000.0,2023.0
1.0,1.0,0.0,19490.0,2024.0
1.0,0.0,0.0,20500.0,2018.0
1.0,0.0,0.0,40900.0,2021.0
1.0,0.0,0.0,17900.0,2018.0
1.0,0.0,0.0,26000.0,2020.0
1.0,0.0,0.0,18490.0,2024.0
1.0,0.0,0.0,24900.0,2016.0
1.0,0.0,0.0,39900.0,2024.0
1.0,0.0,0.0,42900.0,2022.0
1.0,0.0,0.0,32500.0,2021.0
1.0,0.0,0.0,19900.0,2019.0
1.0,0.0,0.0,27000.0,2022.0
1.0,1.0,0.0,12300.0,2011.0
1.0,0.0,0.0,17900.0,2017.0
1.0,0.0,1.0,16990.0,2021.0
1.0,0.0,1.0,12390.0,2015.0
1.0,0.0,0.0,34500.0,2024.0
1.0,0.0,0.0,66900.0,2023.0
1.0,0.0,0.0,45900.0,2023.0
1.0,0.0,0.0,36900.0,2021.0
1.0,0.0,0.0,33900.0,2021.0
1.0,0.0,0.0,10900.0,2013.0
1.0,0.0,0.0,16990.0,2012.0
1.0,0.0,0.0,27990.0,2020.0
1.0,0.0,0.0,73000.0,2016.0
1.0,0.0,0.0,44500.0,2024.0
1.0,0.0,0.0,56000.0,2025.0
1.0,0.0,0.0,19900.0,2023.0
1.0,0.0,0.0,18900.0,2019.0
1.0,0.0,0.0,83000.0,2018.0
1.0,0.0,0.0,18900.0,2018.0
1.0,1.0,1.0,11500.0,2009.0
1.0,0.0,0.0,85991.0,2023.0
1.0,0.0,0.0,35990.0,2026.0
1.0,0.0,0.0,22500.0,2019.0
1.0,0.0,0.0,25900.0,2025.0
1.0,0.0,0.0,32000.0,2022.0
1.0,0.0,0.0,15500.0,2022.0
1.0,0.0,0.0,35000.0,2022.0
1.0,0.0,0.0,19000.0,2022.0
1.0,0.0,1.0,13900.0,2015.0
1.0,0.0,0.0,56000.0,2019.0
1.0,0.0,0.0,16900.0,2015.0
1.0,0.0,0.0,25500.0,2024.0
1.0,0.0,0.0,21990.0,2021.0
1.0,0.0,0.0,44900.0,2021.0
1.0,0.0,0.0,46000.0,2024.0
1.0,0.0,0.0,87991.0,2025.0
1.0,0.0,0.0,16900.0,2016.0
1.0,0.0,0.0,23900.0,2024.0
1.0,1.0,0.0,25500.0,2020.0
1.0,0.0,0.0,29000.0,2024.0
1.0,0.0,0.0,28900.0,2023.0
1.0,0.0,0.0,19900.0,2022.0
1.0,0.0,0.0,47000.0,2024.0
1.0,1.0,1.0,8990.0,2014.0
1.0,0.0,0.0,42900.0,2020.0
1.0,0.0,0.0,18200.0,2023.0
1.0,1.0,0.0,17900.0,2017.0
1.0,0.0,0.0,16900.0,2017.0
1.0,0.0,1.0,17990.0,2022.0
1.0,0.0,1.0,12900.0,2017.0
1.0,1.0,0.0,15900.0,2019.0
1.0,0.0,0.0,18900.0,2024.0
1.0,0.0,0.0,24900.0,2024.0
1.0,0.0,0.0,54500.0,2025.0
1.0,0.0,0.0,21990.0,2022.0
1.0,0.0,0.0,36500.0,2022.0
1.0,0.0,0.0,15900.0,2020.0
1.0,1.0,0.0,40900.0,2023.0
1.0,1.0,0.0,15290.0,2022.0
1.0,1.0,0.0,26900.0,2020.0
1.0,0.0,0.0,22490.0,2018.0
1.0,0.0,0.0,19990.0,2024.0
1.0,0.0,0.0,35190.0,2024.0
1.0,0.0,0.0,8500.0,2019.0
1.0,0.0,0.0,23990.0,2024.0
1.0,0.0,0.0,63500.0,2024.0
1.0,0.0,0.0,33900.0,2022.0
1.0,0.0,0.0,30000.0,2023.0
1.0,0.0,0.0,22500.0,2016.0
1.0,1.0,0.0,13900.0,2020.0
1.0,0.0,0.0,18900.0,2024.0
1.0,0.0,0.0,16800.0,2021.0
1.0,0.0,0.0,19900.0,2024.0
1.0,0.0,0.0,18900.0,2024.0
1.0,0.0,0.0,28000.0,2019.0
1.0,0.0,0.0,43990.0,2020.0
1.0,0.0,0.0,24000.0,2024.0
1.0,1.0,1.0,9500.0,2015.0
1.0,0.0,0.0,14900.0,2011.0
1.0,0.0,0.0,27900.0,2019.0
1.0,0.0,0.0,56000.0,2024.0
1.0,0.0,0.0,23900.0,2018.0
1.0,0.0,0.0,20900.0,2024.0
1.0,1.0,0.0,23900.0,2022.0
1.0,0.0,0.0,33500.0,2023.0
1.0,0.0,0.0,27000.0,2020.0
1.0,0.0,0.0,84900.0,2025.0
1.0,0.0,0.0,29900.0,2019.0
1.0,0.0,0.0,24900.0,2022.0
1.0,0.0,0.0,28500.0,2022.0
1.0,0.0,0.0,23000.0,2018.0
1.0,0.0,0.0,24900.0,2019.0
1.0,0.0,0.0,40700.0,2020.0
1.0,0.0,0.0,22000.0,2021.0
1.0,0.0,0.0,26000.0,2019.0
1.0,0.0,0.0,19990.0,2018.0
1.0,0.0,0.0,16990.0,2018.0
1.0,0.0,0.0,51991.0,2024.0
1.0,0.0,0.0,42490.0,2025.0
1.0,1.0,0.0,18900.0,2017.0
1.0,0.0,0.0,31500.0,2022.0
1.0,0.0,0.0,72900.0,2024.0
1.0,0.0,1.0,18990.0,2023.0
1.0,0.0,0.0,16000.0,2018.0
1.0,0.0,0.0,27000.0,2019.0
1.0,0.0,0.0,21500.0,2018.0
1.0,0.0,0.0,23000.0,2024.0
1.0,0.0,0.0,20100.0,2020.0
1.0,0.0,0.0,75991.0,2023.0
1.0,0.0,0.0,31900.0,2024.0
1.0,0.0,0.0,76991.0,2023.0
1.0,0.0,0.0,52991.0,2025.0
1.0,0.0,0.0,18990.0,2018.0
1.0,0.0,0.0,18000.0,2023.0
1.0,0.0,0.0,14990.0,2023.0
1.0,1.0,0.0,26700.0,2024.0
1.0,0.0,0.0,27100.0,2018.0
1.0,0.0,0.0,78991.0,2024.0
1.0,0.0,1.0,14000.0,2020.0
1.0,0.0,0.0,37000.0,2023.0
1.0,0.0,0.0,16000.0,2019.0
1.0,0.0,0.0,21990.0,2021.0
0.0,1.0,1.0,13000.0,2022.0
1.0,1.0,0.0,53991.0,2023.0
1.0,0.0,0.0,35991.0,2022.0
1.0,0.0,0.0,22300.0,2023.0
1.0,0.0,0.0,16490.0,2023.0
1.0,0.0,0.0,19000.0,2022.0
1.0,0.0,1.0,15490.0,2020.0
1.0,1.0,0.0,56991.0,2024.0
1.0,0.0,0.0,15500.0,2018.0
1.0,0.0,1.0,15000.0,2019.0
1.0,0.0,1.0,22990.0,2022.0
1.0,0.0,0.0,19990.0,2023.0
1.0,0.0,0.0,69991.0,2022.0
1.0,1.0,0.0,16000.0,2023.0
1.0,0.0,0.0,16500.0,2018.0
1.0,0.0,1.0,21990.0,2025.0
1.0,0.0,0.0,27500.0,2024.0
1.0,0.0,1.0,15500.0,2019.0
1.0,1.0,1.0,13200.0,2023.0
1.0,0.0,0.0,20500.0,2019.0
1.0,0.0,0.0,49991.0,2019.0
1.0,0.0,0.0,75900.0,2024.0
1.0,0.0,0.0,40000.0,2022.0
1.0,0.0,1.0,15000.0,2021.0
1.0,1.0,1.0,12000.0,2018.0
1.0,0.0,0.0,20500.0,2023.0
1.0,0.0,1.0,14990.0,2023.0
1.0,0.0,0.0,21500.0,2022.0
1.0,0.0,0.0,50000.0,2019.0
1.0,0.0,0.0,70991.0,2023.0
1.0,0.0,1.0,16990.0,2022.0
1.0,0.0,0.0,24000.0,2024.0
1.0,0.0,0.0,28490.0,2024.0
1.0,0.0,0.0,20990.0,2023.0
1.0,0.0,0.0,35000.0,2022.0
1.0,0.0,0.0,19000.0,2024.0
1.0,0.0,0.0,16990.0,2023.0
1.0,0.0,0.0,23290.0,2026.0
1.0,0.0,0.0,37900.0,2022.0
1.0,0.0,0.0,27900.0,2020.0
1.0,0.0,0.0,44900.0,2021.0
1.0,0.0,0.0,19900.0,2020.0
1.0,1.0,1.0,25590.0,2026.0
1.0,0.0,0.0,17900.0,2023.0
1.0,0.0,1.0,25990.0,2026.0
1.0,0.0,0.0,18900.0,2022.0
1.0,0.0,0.0,22500.0,2016.0
1.0,0.0,0.0,27900.0,2023.0
1.0,0.0,0.0,33900.0,2022.0
0.0,0.0,0.0,16900.0,2021.0
1.0,0.0,0.0,19900.0,2018.0
1.0,1.0,0.0,25900.0,2020.0
1.0,0.0,1.0,27990.0,2026.0
1.0,1.0,0.0,28990.0,2025.0
1.0,0.0,0.0,52990.0,2025.0
1.0,0.0,0.0,34860.0,2026.0
1.0,0.0,0.0,84990.0,2025.0
1.0,0.0,1.0,17990.0,2026.0
1.0,0.0,0.0,19990.0,2024.0
1.0,0.0,0.0,18990.0,2026.0
1.0,0.0,1.0,16990.0,2025.0
1.0,0.0,1.0,13490.0,2026.0
1.0,1.0,1.0,20790.0,2025.0
1.0,0.0,1.0,28090.0,2026.0
1.0,0.0,1.0,22190.0,2026.0
1.0,1.0,1.0,14590.0,2023.0
1.0,0.0,0.0,17590.0,2025.0
1.0,0.0,0.0,54490.0,2026.0
1.0,0.0,0.0,39990.0,2025.0
1.0,1.0,1.0,25990.0,2025.0
1.0,0.0,1.0,17890.0,2026.0
1.0,0.0,1.0,21590.0,2026.0
1.0,0.0,0.0,15790.0,2026.0
1.0,0.0,0.0,22490.0,2025.0
1.0,0.0,1.0,19690.0,2026.0
1.0,0.0,1.0,17990.0,2025.0
1.0,0.0,1.0,10990.0,2026.0
1.0,0.0,0.0,25990.0,2026.0
1.0,0.0,1.0,29490.0,2026.0
1.0,0.0,0.0,28490.0,2025.0
1.0,1.0,1.0,18190.0,2024.0
1.0,0.0,0.0,25990.0,2025.0
1.0,0.0,1.0,17990.0,2026.0
1.0,1.0,0.0,34990.0,2024.0
1.0,0.0,0.0,24490.0,2026.0
1.0,0.0,0.0,43990.0,2026.0
1.0,0.0,0.0,54990.0,2025.0
1.0,1.0,0.0,43990.0,2025.0
1.0,0.0,0.0,25990.0,2025.0
1.0,0.0,1.0,34730.0,2026.0
1.0,0.0,0.0,39990.0,2025.0
1.0,1.0,0.0,19990.0,2024.0
1.0,0.0,1.0,25590.0,2026.0
1.0,0.0,1.0,23490.0,2025.0
1.0,0.0,0.0,48490.0,2026.0
1.0,1.0,1.0,16950.0,2026.0
1.0,0.0,1.0,26990.0,2025.0
1.0,1.0,1.0,17290.0,2026.0
1.0,1.0,1.0,12390.0,2026.0
1.0,1.0,1.0,11190.0,2025.0
1.0,0.0,0.0,24490.0,2024.0
1.0,0.0,0.0,84800.0,2024.0
1.0,0.0,0.0,30990.0,2026.0
1.0,1.0,0.0,28990.0,2025.0
1.0,1.0,0.0,7369.0,2009.0
1.0,0.0,0.0,20900.0,2018.0
1.0,0.0,0.0,26500.0,2019.0
1.0,0.0,0.0,18800.0,2024.0
1.0,0.0,1.0,14800.0,2019.0
0.0,1.0,0.0,11000.0,2016.0
1.0,1.0,1.0,13400.0,2020.0
1.0,0.0,0.0,20000.0,2016.0
1.0,0.0,0.0,18900.0,2023.0
1.0,0.0,0.0,33500.0,2025.0
1.0,0.0,0.0,13000.0,2025.0
0.0,0.0,0.0,17000.0,2022.0
1.0,1.0,0.0,17000.0,2023.0
1.0,1.0,0.0,14200.0,2019.0
1.0,0.0,0.0,14700.0,2011.0
1.0,1.0,1.0,8500.0,2016.0
1.0,0.0,0.0,24000.0,2023.0
0.0,1.0,0.0,16000.0,2024.0
1.0,0.0,1.0,17900.0,2025.0
1.0,0.0,0.0,30000.0,2022.0
1.0,0.0,0.0,15000.0,2012.0
1.0,1.0,0.0,17000.0,2017.0
1.0,1.0,0.0,15800.0,2014.0
1.0,0.0,1.0,19900.0,2018.0
0.0,0.0,1.0,12500.0,2023.0
1.0,0.0,0.0,22200.0,2019.0
1.0,0.0,1.0,12500.0,2016.0
1.0,0.0,0.0,17000.0,2019.0
0.0,0.0,0.0,21500.0,2025.0
1.0,0.0,0.0,20500.0,2022.0
1.0,0.0,0.0,21000.0,2016.0
1.0,0.0,1.0,14999.0,2011.0
1.0,0.0,0.0,22000.0,2019.0
1.0,0.0,1.0,15590.0,2022.0
1.0,0.0,0.0,15500.0,2017.0
1.0,0.0,0.0,13750.0,2020.0
1.0,0.0,0.0,20500.0,2021.0
1.0,0.0,0.0,15000.0,2015.0
1.0,0.0,0.0,16000.0,2018.0
1.0,0.0,0.0,17500.0,2015.0
1.0,0.0,1.0,19500.0,2023.0
1.0,1.0,0.0,69900.0,2019.0
1.0,0.0,1.0,10000.0,2012.0
1.0,0.0,0.0,18900.0,2018.0
1.0,1.0,1.0,19200.0,2024.0
1.0,0.0,0.0,26500.0,2022.0
1.0,0.0,0.0,23500.0,2023.0
1.0,0.0,1.0,11900.0,2015.0
0.0,1.0,0.0,16500.0,2023.0
1.0,0.0,0.0,14500.0,2019.0
1.0,0.0,0.0,17000.0,2017.0
1.0,1.0,1.0,13900.0,2018.0
1.0,0.0,0.0,25000.0,2021.0
1.0,0.0,0.0,28500.0,2022.0
0.0,0.0,1.0,18750.0,2021.0
1.0,0.0,0.0,28000.0,2020.0
1.0,0.0,0.0,9900.0,2012.0
0.0,1.0,1.0,11800.0,2013.0
1.0,0.0,0.0,21500.0,2019.0
1.0,0.0,1.0,15900.0,2023.0
1.0,0.0,0.0,20999.0,2023.0
1.0,1.0,0.0,13500.0,2017.0
1.0,0.0,0.0,42500.0,2022.0
1.0,0.0,0.0,43900.0,2018.0
1.0,1.0,0.0,8000.0,2008.0
1.0,0.0,0.0,11600.0,2009.0
1.0,0.0,1.0,10800.0,2015.0
1.0,1.0,0.0,14000.0,2020.0
1.0,1.0,0.0,16500.0,2015.0
1.0,0.0,0.0,32500.0,2019.0
1.0,0.0,0.0,30000.0,2017.0
1.0,0.0,1.0,23200.0,2023.0
1.0,0.0,0.0,26300.0,2023.0
1.0,0.0,0.0,12599.0,2018.0
1.0,0.0,0.0,22000.0,2021.0
1.0,0.0,0.0,12800.0,2018.0
1.0,0.0,0.0,26900.0,2024.0
1.0,0.0,0.0,38500.0,2024.0
1.0,0.0,0.0,34499.0,2024.0
0.0,0.0,1.0,18500.0,2025.0
1.0,1.0,1.0,11500.0,1963.0
1.0,0.0,0.0,21800.0,2024.0
1.0,0.0,0.0,18400.0,2018.0
1.0,0.0,0.0,14500.0,2013.0
1.0,0.0,0.0,32000.0,2020.0
1.0,0.0,0.0,17300.0,2018.0
0.0,1.0,1.0,9200.0,2014.0
1.0,0.0,0.0,23990.0,2025.0
1.0,1.0,0.0,16500.0,2016.0
1.0,0.0,1.0,18800.0,2020.0
1.0,1.0,1.0,9000.0,2015.0
1.0,0.0,0.0,42500.0,2015.0
1.0,0.0,0.0,16900.0,2024.0
0.0,1.0,1.0,8550.0,2019.0
1.0,0.0,0.0,35000.0,2021.0
1.0,0.0,0.0,18900.0,2020.0
1.0,0.0,0.0,32500.0,2021.0
1.0,0.0,1.0,5990.0,2010.0
1.0,0.0,1.0,16900.0,2023.0
1.0,0.0,1.0,18000.0,2019.0
1.0,0.0,1.0,20800.0,2022.0
1.0,0.0,0.0,10500.0,2013.0
1.0,0.0,1.0,17700.0,2023.0
1.0,1.0,0.0,14600.0,2012.0
1.0,0.0,0.0,22200.0,2018.0
1.0,1.0,1.0,11300.0,2016.0
1.0,1.0,1.0,7200.0,2015.0
1.0,0.0,0.0,18500.0,2017.0
1.0,0.0,0.0,38500.0,2024.0
1.0,0.0,1.0,7900.0,2014.0
1.0,1.0,0.0,11000.0,2010.0
1.0,0.0,0.0,20900.0,2016.0
1.0,0.0,0.0,33000.0,2023.0
1.0,0.0,0.0,10700.0,2013.0
1.0,0.0,0.0,22800.0,2020.0
1.0,0.0,0.0,20500.0,2014.0
1.0,0.0,0.0,15350.0,2019.0
1.0,0.0,0.0,15000.0,2020.0
1.0,1.0,1.0,22000.0,2019.0
1.0,1.0,1.0,17000.0,2025.0
0.0,0.0,0.0,12900.0,2014.0
0.0,1.0,1.0,13300.0,2023.0
1.0,0.0,0.0,24900.0,2020.0
1.0,0.0,0.0,38000.0,2021.0
1.0,0.0,0.0,40000.0,2021.0
1.0,0.0,1.0,16499.0,2018.0
1.0,1.0,1.0,18900.0,2025.0
1.0,0.0,0.0,18900.0,2022.0
1.0,0.0,0.0,20500.0,2020.0
1.0,1.0,0.0,9990.0,2011.0
1.0,1.0,1.0,6350.0,2008.0
1.0,0.0,0.0,18500.0,2020.0
1.0,1.0,0.0,11500.0,2014.0
1.0,0.0,1.0,14000.0,2019.0
1.0,0.0,0.0,18000.0,2018.0
1.0,0.0,0.0,17500.0,2023.0
1.0,0.0,0.0,30000.0,2016.0
1.0,0.0,0.0,23000.0,2022.0
1.0,0.0,0.0,22900.0,2018.0
1.0,0.0,0.0,23990.0,2025.0
0.0,0.0,1.0,23900.0,2007.0
1.0,1.0,1.0,7500.0,1967.0
1.0,0.0,0.0,28000.0,2024.0
1.0,0.0,0.0,5800.0,2001.0
1.0,1.0,0.0,17800.0,2019.0
1.0,0.0,0.0,27800.0,2024.0
1.0,0.0,0.0,7300.0,2004.0
1.0,0.0,0.0,15600.0,2015.0
1.0,0.0,0.0,52450.0,2019.0
0.0,1.0,1.0,5500.0,2010.0
1.0,0.0,0.0,19000.0,2023.0
1.0,0.0,0.0,41000.0,2017.0
1.0,1.0,0.0,5000.0,2008.0
1.0,1.0,0.0,39900.0,2023.0
1.0,0.0,1.0,16900.0,2024.0
1.0,0.0,0.0,15400.0,2013.0
1.0,0.0,0.0,23000.0,2013.0
1.0,0.0,0.0,23900.0,2023.0
1.0,0.0,1.0,6950.0,2013.0
1.0,0.0,0.0,27000.0,2015.0
1.0,0.0,0.0,19500.0,2023.0
1.0,0.0,1.0,9500.0,2011.0
1.0,0.0,0.0,15900.0,2022.0
0.0,0.0,1.0,18200.0,2024.0
1.0,1.0,0.0,14900.0,2024.0
1.0,1.0,0.0,13900.0,2016.0
1.0,1.0,0.0,7900.0,2010.0
1.0,1.0,0.0,19900.0,2018.0
1.0,0.0,0.0,16000.0,2018.0
1.0,0.0,0.0,27000.0,2016.0
1.0,0.0,0.0,29200.0,2017.0
1.0,0.0,1.0,14700.0,2016.0
1.0,0.0,1.0,15700.0,2026.0
1.0,1.0,1.0,2500.0,1992.0
0.0,0.0,1.0,11900.0,2019.0
1.0,0.0,0.0,15000.0,2012.0
1.0,1.0,0.0,8500.0,2005.0
1.0,0.0,0.0,22000.0,2016.0
1.0,0.0,0.0,19000.0,2022.0
1.0,1.0,0.0,23000.0,2015.0
1.0,0.0,0.0,18500.0,2017.0
1.0,1.0,1.0,8990.0,1969.0
0.0,0.0,0.0,12549.0,2011.0
1.0,0.0,0.0,33500.0,2022.0
1.0,0.0,0.0,16000.0,2018.0
1.0,0.0,0.0,26900.0,2023.0
1.0,1.0,1.0,12900.0,2019.0
1.0,1.0,0.0,28900.0,2020.0
1.0,0.0,0.0,13990.0,2016.0
1.0,1.0,0.0,21200.0,2018.0
1.0,1.0,0.0,11490.0,2016.0
1.0,0.0,0.0,15990.0,2015.0
1.0,0.0,0.0,17990.0,2017.0
0.0,0.0,0.0,13990.0,2019.0
1.0,0.0,0.0,21900.0,2018.0
1.0,0.0,0.0,33900.0,2018.0
1.0,1.0,0.0,18990.0,2017.0
1.0,1.0,0.0,10990.0,2012.0
1.0,0.0,0.0,21500.0,2023.0
1.0,0.0,0.0,11500.0,2022.0
1.0,0.0,0.0,9500.0,2014.0
1.0,0.0,0.0,15490.0,2018.0
1.0,1.0,0.0,22500.0,2019.0
1.0,1.0,0.0,9900.0,2010.0
1.0,0.0,0.0,52900.0,2025.0
1.0,0.0,1.0,13990.0,2023.0
1.0,1.0,0.0,16990.0,2021.0
1.0,1.0,1.0,12550.0,2021.0
1.0,0.0,0.0,19990.0,2014.0
1.0,0.0,0.0,19990.0,2020.0
1.0,0.0,1.0,14800.0,2020.0
0.0,1.0,1.0,10000.0,2022.0
0.0,1.0,1.0,9000.0,2021.0
0.0,1.0,0.0,9500.0,2012.0
1.0,0.0,1.0,15999.0,2022.0
1.0,0.0,1.0,8400.0,2017.0
1.0,0.0,0.0,29800.0,2021.0
1.0,0.0,0.0,16900.0,2016.0
1.0,0.0,0.0,16800.0,2015.0
1.0,1.0,1.0,15500.0,2013.0
0.0,1.0,0.0,10200.0,2018.0
1.0,0.0,0.0,21000.0,2022.0
1.0,0.0,0.0,13690.0,2020.0
1.0,0.0,0.0,19000.0,2017.0
1.0,1.0,0.0,26500.0,2022.0
1.0,1.0,0.0,26000.0,2016.0
1.0,1.0,0.0,18500.0,2018.0
1.0,0.0,0.0,15500.0,2015.0
1.0,0.0,0.0,15600.0,2014.0
1.0,1.0,1.0,8000.0,2019.0
1.0,0.0,0.0,16500.0,2019.0
1.0,0.0,1.0,19000.0,2022.0
1.0,0.0,0.0,21000.0,2017.0
1.0,0.0,1.0,16900.0,2023.0
1.0,0.0,0.0,14000.0,2018.0
1.0,0.0,0.0,11900.0,2012.0
1.0,0.0,1.0,13500.0,2017.0
1.0,0.0,0.0,11500.0,2015.0
1.0,0.0,1.0,12500.0,2022.0
1.0,0.0,0.0,12000.0,2012.0
1.0,0.0,1.0,18700.0,2024.0
0.0,0.0,1.0,12000.0,2020.0
1.0,0.0,0.0,10000.0,2008.0
1.0,0.0,0.0,34000.0,2023.0
1.0,0.0,1.0,15900.0,2018.0
1.0,0.0,0.0,12500.0,2014.0
1.0,1.0,0.0,8900.0,2012.0
1.0,1.0,0.0,22200.0,2023.0
1.0,1.0,1.0,11000.0,2016.0
1.0,1.0,0.0,11500.0,2014.0
1.0,1.0,1.0,9000.0,2014.0
1.0,1.0,1.0,14900.0,2023.0
1.0,0.0,0.0,38000.0,2019.0
1.0,0.0,1.0,10000.0,2012.0
1.0,0.0,0.0,7900.0,2008.0
1.0,0.0,0.0,25000.0,2017.0
0.0,0.0,0.0,23000.0,2015.0
1.0,0.0,0.0,24500.0,2023.0
1.0,0.0,0.0,19900.0,2016.0
1.0,0.0,0.0,14900.0,2013.0
1.0,0.0,0.0,21900.0,2019.0
1.0,0.0,0.0,13700.0,2013.0
1.0,0.0,0.0,8800.0,2011.0
1.0,0.0,0.0,33900.0,2023.0
1.0,0.0,0.0,29900.0,2017.0
1.0,0.0,0.0,31990.0,2018.0
1.0,0.0,1.0,19500.0,2024.0
1.0,0.0,0.0,22200.0,2017.0
1.0,0.0,0.0,17900.0,2020.0
1.0,1.0,1.0,11200.0,2020.0
0.0,1.0,1.0,13950.0,2020.0
1.0,0.0,0.0,10490.0,2012.0
0.0,0.0,1.0,10450.0,2023.0
1.0,0.0,1.0,21000.0,2017.0
1.0,0.0,0.0,19000.0,2013.0
0.0,0.0,0.0,6500.0,2000.0
1.0,0.0,0.0,18000.0,2023.0
1.0,0.0,0.0,34500.0,2023.0
1.0,0.0,0.0,24000.0,2019.0
1.0,0.0,0.0,29000.0,2019.0
1.0,0.0,0.0,19500.0,2019.0
1.0,0.0,0.0,11200.0,2014.0
1.0,0.0,0.0,21990.0,2015.0
1.0,1.0,0.0,12499.0,2017.0
1.0,1.0,1.0,10200.0,2022.0
0.0,0.0,1.0,11400.0,2020.0
1.0,0.0,0.0,16500.0,2014.0
1.0,0.0,0.0,15000.0,2015.0
1.0,0.0,0.0,15500.0,2018.0
1.0,1.0,0.0,10500.0,2006.0
1.0,0.0,0.0,35000.0,2020.0
1.0,0.0,0.0,21500.0,2019.0
1.0,0.0,0.0,18300.0,2020.0
1.0,1.0,0.0,49500.0,2018.0
1.0,0.0,0.0,41000.0,2018.0
1.0,0.0,1.0,14950.0,2015.0
1.0,1.0,1.0,10800.0,2016.0
1.0,0.0,0.0,12000.0,2018.0
1.0,0.0,1.0,13500.0,2019.0
1.0,0.0,0.0,25000.0,2020.0
1.0,0.0,1.0,13000.0,2014.0
1.0,0.0,0.0,7400.0,2010.0
1.0,1.0,0.0,21000.0,2020.0
0.0,1.0,0.0,9700.0,2015.0
0.0,0.0,1.0,13500.0,2026.0
1.0,0.0,0.0,16900.0,2017.0
1.0,0.0,0.0,12000.0,2010.0
1.0,0.0,0.0,15200.0,2017.0
1.0,0.0,1.0,16500.0,2026.0
1.0,0.0,1.0,21500.0,2022.0
1.0,1.0,1.0,4000.0,1997.0
1.0,0.0,0.0,13000.0,2021.0
1.0,0.0,0.0,30500.0,2021.0
1.0,0.0,0.0,19890.0,2025.0
1.0,0.0,1.0,15800.0,2024.0
1.0,0.0,0.0,29900.0,2018.0
1.0,0.0,0.0,8900.0,2009.0
1.0,0.0,0.0,21500.0,2018.0
0.0,0.0,1.0,16000.0,2023.0
1.0,1.0,0.0,18900.0,2022.0
1.0,0.0,1.0,8500.0,2015.0
1.0,0.0,1.0,18000.0,2013.0
1.0,0.0,0.0,39900.0,2022.0
1.0,0.0,0.0,13400.0,2018.0
1.0,1.0,0.0,13200.0,2021.0
1.0,0.0,0.0,18900.0,2022.0
1.0,0.0,0.0,19900.0,2019.0
1.0,0.0,1.0,11900.0,2017.0
1.0,1.0,0.0,20500.0,2018.0
1.0,1.0,0.0,15900.0,2017.0
1.0,0.0,0.0,32900.0,2022.0
1.0,1.0,0.0,49500.0,2022.0
1.0,1.0,0.0,92990.0,2019.0
1.0,0.0,0.0,22900.0,2017.0
1.0,0.0,0.0,42000.0,2021.0
1.0,0.0,0.0,30900.0,2021.0
1.0,0.0,0.0,31200.0,2024.0
1.0,0.0,0.0,11900.0,2012.0
1.0,0.0,0.0,18900.0,2018.0
1.0,1.0,0.0,7000.0,1981.0
1.0,0.0,0.0,17000.0,2020.0
1.0,0.0,0.0,14000.0,2022.0
1.0,0.0,0.0,38900.0,2020.0
1.0,0.0,0.0,29900.0,2023.0
1.0,1.0,0.0,11900.0,2014.0
1.0,1.0,0.0,20900.0,2018.0
1.0,0.0,0.0,32900.0,2020.0
1.0,1.0,0.0,21500.0,2018.0
1.0,0.0,0.0,30900.0,2019.0
1.0,0.0,0.0,24900.0,2017.0
1.0,0.0,0.0,35900.0,2022.0
1.0,0.0,0.0,15500.0,2016.0
1.0,1.0,0.0,27900.0,2015.0
1.0,0.0,0.0,32900.0,2022.0
1.0,0.0,0.0,18990.0,2013.0
1.0,1.0,0.0,14300.0,2015.0
1.0,0.0,0.0,23900.0,2015.0
1.0,1.0,0.0,17000.0,2013.0
1.0,1.0,0.0,12990.0,2013.0
1.0,0.0,0.0,61900.0,2023.0
1.0,0.0,0.0,22500.0,2019.0
1.0,0.0,0.0,28900.0,2024.0
1.0,0.0,0.0,19890.0,2018.0
1.0,0.0,0.0,70990.0,2023.0
1.0,0.0,0.0,14900.0,2016.0
1.0,0.0,0.0,22900.0,2018.0
1.0,1.0,0.0,22900.0,2016.0
1.0,0.0,0.0,22000.0,2019.0
1.0,0.0,0.0,30500.0,2016.0
1.0,0.0,0.0,23900.0,2016.0
1.0,0.0,0.0,34990.0,2016.0
1.0,0.0,0.0,25900.0,2021.0
1.0,0.0,0.0,25900.0,2021.0
1.0,0.0,0.0,32900.0,2023.0
1.0,0.0,0.0,33200.0,2020.0
1.0,1.0,0.0,14900.0,2013.0
1.0,0.0,0.0,30500.0,2022.0
1.0,1.0,0.0,25990.0,1958.0
1.0,0.0,0.0,18990.0,2017.0
1.0,1.0,0.0,23990.0,2018.0
1.0,0.0,0.0,42900.0,2020.0
1.0,0.0,0.0,18900.0,2019.0
1.0,0.0,0.0,23900.0,2013.0
1.0,1.0,0.0,22900.0,2019.0
1.0,0.0,0.0,32990.0,2017.0
1.0,1.0,0.0,22900.0,2023.0
1.0,0.0,1.0,16900.0,2019.0
1.0,0.0,0.0,11000.0,2011.0
1.0,0.0,1.0,11900.0,2015.0
1.0,0.0,1.0,21500.0,2023.0
1.0,0.0,1.0,10900.0,2018.0
0.0,0.0,1.0,13200.0,2019.0
0.0,0.0,1.0,10990.0,2014.0
1.0,0.0,1.0,12900.0,2017.0
1.0,1.0,0.0,12800.0,2015.0
1.0,0.0,0.0,13800.0,2014.0
1.0,0.0,0.0,16990.0,2022.0
1.0,1.0,1.0,16500.0,2024.0
1.0,1.0,0.0,4600.0,2002.0
1.0,1.0,0.0,4900.0,2000.0
1.0,1.0,1.0,6500.0,2014.0
1.0,0.0,0.0,15700.0,2015.0
0.0,1.0,1.0,17000.0,2023.0
0.0,1.0,1.0,9000.0,2017.0
1.0,0.0,0.0,13000.0,2013.0
1.0,1.0,0.0,4200.0,2004.0
1.0,0.0,1.0,9600.0,2014.0
1.0,0.0,0.0,14300.0,2023.0
1.0,1.0,0.0,9300.0,1982.0
1.0,1.0,1.0,12800.0,2026.0
1.0,0.0,1.0,6300.0,2004.0
1.0,0.0,0.0,16700.0,2019.0
1.0,1.0,0.0,18500.0,2017.0
1.0,0.0,0.0,22900.0,2024.0
1.0,1.0,0.0,14000.0,2021.0
1.0,0.0,1.0,9000.0,2018.0
0.0,0.0,1.0,7900.0,2013.0
1.0,0.0,0.0,12900.0,2019.0
0.0,1.0,1.0,10950.0,2022.0
1.0,0.0,0.0,48900.0,2021.0
1.0,0.0,0.0,14200.0,2020.0
1.0,1.0,1.0,11990.0,2021.0
1.0,0.0,0.0,13000.0,2012.0
1.0,0.0,1.0,16900.0,2024.0
1.0,1.0,1.0,9500.0,2018.0
1.0,1.0,1.0,7000.0,2013.0
1.0,0.0,1.0,6800.0,2013.0
1.0,0.0,0.0,9200.0,2012.0
1.0,1.0,0.0,9900.0,2014.0
1.0,0.0,0.0,20000.0,2024.0
1.0,0.0,0.0,13900.0,2015.0
1.0,0.0,1.0,8000.0,2010.0
1.0,1.0,0.0,8500.0,2009.0
1.0,0.0,0.0,18900.0,2018.0
1.0,1.0,1.0,9800.0,2020.0
0.0,1.0,1.0,12900.0,2025.0
1.0,0.0,0.0,29000.0,2019.0
1.0,0.0,0.0,12200.0,2014.0
0.0,1.0,0.0,16760.0,2024.0
0.0,1.0,0.0,12800.0,2018.0
1.0,0.0,1.0,16000.0,2020.0
1.0,0.0,1.0,18800.0,2025.0
1.0,0.0,1.0,9500.0,2013.0
1.0,1.0,0.0,10000.0,2012.0
1.0,0.0,1.0,17400.0,2018.0
1.0,0.0,0.0,19500.0,2023.0
1.0,0.0,0.0,18950.0,2023.0
0.0,1.0,1.0,7000.0,2009.0
1.0,0.0,0.0,15500.0,2017.0
0.0,0.0,0.0,23500.0,2022.0
1.0,0.0,0.0,21000.0,2020.0
1.0,1.0,0.0,12500.0,2017.0
1.0,0.0,0.0,7900.0,2004.0
1.0,0.0,0.0,38000.0,2018.0
1.0,0.0,0.0,6100.0,2000.0
1.0,0.0,0.0,20000.0,2024.0
1.0,1.0,0.0,15800.0,2023.0
1.0,0.0,0.0,19000.0,2019.0
1.0,1.0,0.0,8900.0,1995.0
1.0,0.0,1.0,14000.0,2020.0
1.0,0.0,0.0,13000.0,2014.0
1.0,0.0,1.0,12400.0,2022.0
1.0,1.0,0.0,7800.0,2010.0
1.0,0.0,1.0,10990.0,2020.0
1.0,0.0,1.0,8500.0,2006.0
0.0,0.0,1.0,12750.0,2025.0
1.0,0.0,0.0,12800.0,2012.0
1.0,1.0,1.0,2999.0,1978.0
1.0,0.0,0.0,13100.0,2012.0
0.0,0.0,0.0,8000.0,2004.0
0.0,1.0,1.0,8500.0,2014.0
1.0,1.0,1.0,7500.0,2012.0
1.0,0.0,0.0,18800.0,2012.0
1.0,0.0,0.0,31000.0,2023.0
1.0,0.0,0.0,8800.0,2010.0
1.0,1.0,1.0,8900.0,2021.0
1.0,0.0,1.0,12000.0,2015.0
1.0,0.0,0.0,55000.0,2020.0
1.0,0.0,0.0,18500.0,2018.0
1.0,0.0,1.0,36000.0,2016.0
1.0,0.0,1.0,15800.0,2022.0
1.0,0.0,0.0,18000.0,2017.0
1.0,0.0,0.0,24800.0,2020.0
1.0,0.0,0.0,17800.0,2018.0
1.0,0.0,0.0,54000.0,2023.0
1.0,0.0,1.0,20000.0,2023.0
1.0,0.0,0.0,17000.0,2021.0
1.0,0.0,0.0,13500.0,2014.0
1.0,0.0,1.0,17900.0,2020.0
1.0,0.0,0.0,13700.0,2018.0
1.0,1.0,0.0,18800.0,2018.0
0.0,1.0,1.0,13700.0,2022.0
1.0,1.0,0.0,3400.0,1991.0
1.0,0.0,0.0,28000.0,2018.0
1.0,0.0,0.0,5000.0,2004.0
1.0,0.0,0.0,7200.0,2010.0
0.0,1.0,0.0,8900.0,2013.0
0.0,0.0,0.0,18200.0,2019.0
1.0,0.0,1.0,13000.0,2014.0
1.0,1.0,1.0,9000.0,2018.0
1.0,0.0,1.0,8500.0,2012.0
1.0,0.0,1.0,20000.0,2025.0
1.0,0.0,0.0,26900.0,2014.0
0.0,0.0,0.0,15200.0,2016.0
1.0,1.0,1.0,3800.0,1973.0
1.0,0.0,0.0,27500.0,2016.0
0.0,0.0,0.0,21500.0,2024.0
1.0,0.0,0.0,11000.0,2014.0
0.0,0.0,1.0,21000.0,2021.0
0.0,1.0,1.0,13500.0,2024.0
0.0,1.0,1.0,7750.0,2014.0
0.0,1.0,1.0,2700.0,1998.0
1.0,0.0,0.0,20500.0,2018.0
1.0,1.0,0.0,12000.0,2017.0
0.0,1.0,1.0,13200.0,2021.0
1.0,0.0,0.0,24900.0,2018.0
0.0,1.0,1.0,9400.0,2021.0
0.0,0.0,1.0,10200.0,2015.0
1.0,1.0,1.0,3700.0,1992.0
1.0,1.0,0.0,9000.0,2020.0
1.0,1.0,1.0,13500.0,2018.0
1.0,0.0,0.0,19500.0,2016.0
0.0,0.0,1.0,11500.0,2024.0
0.0,1.0,0.0,5600.0,2003.0
1.0,1.0,1.0,13500.0,2021.0
1.0,0.0,0.0,13400.0,2017.0
1.0,0.0,1.0,6500.0,2012.0
1.0,1.0,1.0,12800.0,2017.0
1.0,1.0,1.0,13990.0,2018.0
1.0,0.0,0.0,13600.0,2012.0
1.0,1.0,0.0,22000.0,2017.0
0.0,0.0,0.0,6000.0,1998.0
1.0,1.0,0.0,13500.0,2013.0
0.0,0.0,0.0,26500.0,2023.0
0.0,0.0,0.0,9000.0,2006.0
0.0,0.0,1.0,15000.0,2024.0
0.0,1.0,1.0,4100.0,2000.0
1.0,0.0,1.0,30000.0,2024.0
1.0,1.0,0.0,18900.0,2016.0
1.0,0.0,0.0,8900.0,2002.0
0.0,1.0,0.0,4500.0,2005.0
1.0,0.0,1.0,16000.0,2022.0
1.0,0.0,0.0,8500.0,2010.0
1.0,0.0,0.0,11800.0,2009.0
0.0,0.0,1.0,12900.0,2023.0
1.0,0.0,0.0,19950.0,2024.0
0.0,1.0,0.0,8000.0,2011.0
0.0,0.0,0.0,27000.0,2025.0
1.0,0.0,0.0,16400.0,2018.0
0.0,0.0,1.0,7300.0,1990.0
0.0,0.0,1.0,15500.0,2021.0
0.0,1.0,0.0,7500.0,2011.0
1.0,0.0,0.0,16000.0,2013.0
1.0,1.0,1.0,12000.0,2017.0
1.0,0.0,0.0,19890.0,2023.0
0.0,1.0,1.0,9000.0,2022.0
0.0,1.0,1.0,12000.0,2022.0
1.0,0.0,0.0,21500.0,2024.0
1.0,1.0,0.0,16500.0,2016.0
0.0,0.0,0.0,16000.0,2015.0
0.0,0.0,1.0,23499.0,2011.0
0.0,1.0,0.0,4200.0,1992.0
1.0,0.0,0.0,13900.0,2014.0
1.0,1.0,1.0,10500.0,2016.0
1.0,0.0,0.0,21300.0,2020.0
1.0,1.0,1.0,7700.0,2008.0
1.0,1.0,0.0,4350.0,1993.0
1.0,0.0,0.0,15500.0,2017.0
1.0,0.0,0.0,34000.0,2021.0
0.0,0.0,1.0,14000.0,2022.0
0.0,1.0,1.0,8600.0,2009.0
1.0,0.0,0.0,15800.0,2015.0
0.0,1.0,1.0,1500.0,2012.0
1.0,0.0,1.0,13500.0,2012.0
1.0,0.0,0.0,23500.0,2025.0
1.0,0.0,0.0,15500.0,2020.0
1.0,1.0,0.0,5800.0,2005.0
1.0,0.0,0.0,16000.0,2021.0
1.0,0.0,0.0,10500.0,2017.0
0.0,0.0,1.0,15900.0,2020.0
1.0,0.0,0.0,21500.0,2021.0
0.0,1.0,0.0,12000.0,2021.0
0.0,1.0,1.0,7300.0,2014.0
1.0,0.0,0.0,11000.0,2021.0
1.0,0.0,0.0,15500.0,2013.0
1.0,0.0,1.0,14000.0,2015.0
1.0,0.0,0.0,22990.0,2025.0
1.0,1.0,0.0,4850.0,1996.0
1.0,0.0,0.0,20000.0,2023.0
0.0,1.0,1.0,28000.0,2017.0
1.0,0.0,0.0,12100.0,2020.0
1.0,0.0,0.0,21900.0,2024.0
1.0,1.0,0.0,15200.0,2016.0
1.0,1.0,0.0,27000.0,2012.0
1.0,0.0,1.0,11000.0,2011.0
0.0,0.0,1.0,21900.0,2026.0
1.0,1.0,0.0,15500.0,2016.0
0.0,0.0,1.0,11200.0,2017.0
1.0,0.0,0.0,23000.0,2020.0
1.0,1.0,1.0,10000.0,2017.0
1.0,0.0,0.0,17350.0,2020.0
1.0,0.0,1.0,13800.0,2023.0
1.0,1.0,1.0,11800.0,2023.0
0.0,0.0,1.0,10200.0,2019.0
1.0,1.0,0.0,4800.0,2003.0
1.0,0.0,0.0,13000.0,2010.0
1.0,0.0,0.0,15000.0,2016.0
1.0,0.0,0.0,21575.0,2021.0
1.0,0.0,0.0,15400.0,2017.0
1.0,0.0,0.0,10500.0,2012.0
1.0,1.0,1.0,16000.0,2024.0
0.0,1.0,1.0,9600.0,2021.0
1.0,0.0,0.0,11000.0,2009.0
1.0,0.0,1.0,8800.0,2012.0
1.0,1.0,0.0,12400.0,2018.0
1.0,0.0,0.0,14900.0,2019.0
1.0,0.0,1.0,19500.0,2020.0
1.0,1.0,0.0,13000.0,2017.0
1.0,1.0,1.0,12999.0,2020.0
0.0,1.0,1.0,8000.0,2010.0
1.0,0.0,0.0,50000.0,2023.0
0.0,1.0,1.0,12000.0,2021.0
1.0,0.0,0.0,9000.0,2007.0
0.0,0.0,1.0,10000.0,2021.0
1.0,0.0,0.0,14950.0,2014.0
1.0,0.0,0.0,42000.0,2024.0
1.0,0.0,0.0,12000.0,2021.0
1.0,0.0,0.0,9600.0,2010.0
1.0,0.0,0.0,15500.0,2015.0
0.0,1.0,1.0,7700.0,2020.0
1.0,0.0,0.0,35000.0,2024.0
1.0,1.0,1.0,7900.0,2010.0
1.0,0.0,0.0,14500.0,2016.0
1.0,1.0,1.0,9700.0,2016.0
1.0,0.0,1.0,21000.0,2024.0
0.0,1.0,1.0,12000.0,2024.0
1.0,0.0,1.0,15800.0,2023.0
1.0,0.0,0.0,13500.0,2016.0
1.0,0.0,0.0,14700.0,2019.0
1.0,0.0,0.0,18990.0,2019.0
0.0,1.0,1.0,7200.0,2011.0
1.0,0.0,0.0,18000.0,2023.0
1.0,0.0,0.0,6500.0,1998.0
1.0,1.0,1.0,9650.0,2020.0
0.0,1.0,1.0,14500.0,2024.0
0.0,0.0,0.0,6500.0,2004.0
1.0,0.0,0.0,30000.0,2024.0
0.0,0.0,0.0,18500.0,2018.0
1.0,0.0,1.0,16300.0,2019.0
1.0,0.0,1.0,15500.0,2017.0
0.0,0.0,1.0,8000.0,2018.0
1.0,0.0,1.0,5500.0,1996.0
1.0,0.0,0.0,17000.0,2017.0
0.0,1.0,1.0,11500.0,2022.0
1.0,1.0,0.0,14000.0,2022.0
1.0,1.0,1.0,20000.0,2020.0
1.0,0.0,1.0,22200.0,2018.0
1.0,1.0,1.0,6300.0,2014.0
1.0,1.0,0.0,6500.0,2005.0
1.0,1.0,0.0,32000.0,2024.0
1.0,0.0,0.0,15500.0,2017.0
0.0,0.0,1.0,23900.0,2011.0
0.0,0.0,1.0,10500.0,2023.0
1.0,1.0,1.0,11500.0,2024.0
1.0,0.0,1.0,14000.0,2020.0
1.0,0.0,0.0,11200.0,2008.0
1.0,0.0,0.0,18950.0,2021.0
1.0,0.0,0.0,14000.0,2013.0
0.0,0.0,0.0,16400.0,2015.0
1.0,0.0,0.0,20500.0,2023.0
1.0,0.0,1.0,8199.0,2022.0
1.0,0.0,0.0,15900.0,2014.0
1.0,0.0,0.0,11400.0,2011.0
1.0,0.0,0.0,7000.0,2004.0
1.0,0.0,0.0,24500.0,2022.0
1.0,0.0,0.0,23700.0,2017.0
1.0,0.0,0.0,7800.0,2007.0
1.0,0.0,0.0,11111.0,2013.0
1.0,1.0,0.0,9800.0,2010.0
1.0,0.0,1.0,15500.0,2023.0
1.0,0.0,1.0,8700.0,2025.0
1.0,1.0,0.0,12000.0,2018.0
1.0,1.0,1.0,10900.0,2016.0
1.0,0.0,0.0,20999.0,2024.0
1.0,1.0,1.0,6000.0,2001.0
1.0,0.0,0.0,8000.0,2013.0
1.0,0.0,0.0,11800.0,2008.0
1.0,0.0,1.0,13900.0,2016.0
0.0,1.0,1.0,6500.0,2016.0
1.0,0.0,1.0,10600.0,2013.0
1.0,0.0,0.0,22500.0,2019.0
1.0,0.0,1.0,7600.0,2009.0
0.0,1.0,0.0,6900.0,2005.0
1.0,0.0,0.0,37000.0,2022.0
1.0,0.0,1.0,9500.0,2010.0
1.0,1.0,1.0,6650.0,2015.0
1.0,0.0,0.0,40000.0,2016.0
1.0,0.0,0.0,21000.0,2024.0
1.0,0.0,1.0,15000.0,2019.0
0.0,0.0,0.0,7680.0,2010.0
1.0,1.0,1.0,3500.0,1982.0
1.0,0.0,0.0,18000.0,2016.0
0.0,1.0,1.0,12500.0,2024.0
1.0,0.0,1.0,13500.0,2018.0
0.0,0.0,1.0,13500.0,2023.0
1.0,0.0,1.0,21500.0,2018.0
1.0,0.0,0.0,27000.0,2016.0
1.0,0.0,0.0,12500.0,2012.0
0.0,1.0,1.0,7650.0,2020.0
1.0,0.0,0.0,12500.0,2012.0
0.0,0.0,0.0,13000.0,2024.0
1.0,0.0,1.0,19900.0,2011.0
1.0,1.0,1.0,7499.0,2012.0
0.0,0.0,0.0,10400.0,2009.0
0.0,1.0,0.0,9000.0,2010.0
1.0,0.0,0.0,23000.0,2021.0
1.0,0.0,0.0,9300.0,2020.0
1.0,0.0,0.0,38000.0,2011.0
1.0,0.0,0.0,18750.0,2022.0
1.0,0.0,0.0,16800.0,2023.0
1.0,0.0,0.0,25000.0,2015.0
1.0,0.0,0.0,6750.0,2006.0
1.0,0.0,0.0,42000.0,2018.0
1.0,0.0,0.0,11900.0,2018.0
1.0,0.0,0.0,17000.0,2018.0
1.0,0.0,0.0,34000.0,2024.0
1.0,0.0,1.0,7800.0,2009.0
0.0,0.0,1.0,12500.0,2025.0
1.0,0.0,1.0,55000.0,2020.0
1.0,0.0,0.0,26000.0,2019.0
1.0,1.0,1.0,9300.0,2022.0
1.0,1.0,0.0,11400.0,2016.0
1.0,1.0,0.0,11300.0,2013.0
1.0,1.0,0.0,6900.0,2012.0
1.0,0.0,0.0,21500.0,2024.0
1.0,0.0,1.0,21300.0,2025.0
1.0,1.0,0.0,10000.0,2011.0
1.0,0.0,1.0,9500.0,2020.0
1.0,1.0,0.0,13500.0,2018.0
1.0,1.0,0.0,7500.0,2016.0
1.0,0.0,0.0,17000.0,2020.0
0.0,1.0,0.0,11000.0,2015.0
1.0,1.0,0.0,14500.0,2014.0
0.0,0.0,1.0,12600.0,2022.0
1.0,1.0,0.0,12900.0,2022.0
0.0,1.0,0.0,15600.0,2019.0
1.0,0.0,1.0,15000.0,2015.0
0.0,0.0,0.0,15500.0,2022.0
0.0,0.0,0.0,8500.0,2004.0
1.0,0.0,0.0,10500.0,2010.0
0.0,1.0,0.0,5600.0,2006.0
1.0,0.0,0.0,16500.0,2016.0
1.0,0.0,1.0,7500.0,2013.0
0.0,0.0,0.0,13000.0,2008.0
1.0,1.0,1.0,5100.0,1994.0
1.0,1.0,0.0,14800.0,2016.0
1.0,1.0,0.0,24449.0,2020.0
1.0,1.0,0.0,9980.0,2011.0
0.0,0.0,1.0,17000.0,2020.0
1.0,0.0,0.0,16000.0,2018.0
1.0,1.0,0.0,7700.0,2013.0
1.0,1.0,1.0,11000.0,2015.0
1.0,1.0,0.0,2500.0,1994.0
1.0,0.0,0.0,19900.0,2016.0
0.0,0.0,0.0,13200.0,2011.0
1.0,0.0,1.0,15600.0,2020.0
1.0,0.0,1.0,16500.0,2023.0
1.0,0.0,0.0,11800.0,2020.0
1.0,0.0,0.0,14000.0,2018.0
0.0,0.0,0.0,14000.0,2017.0
1.0,0.0,0.0,9000.0,2010.0
1.0,1.0,1.0,2500.0,1971.0
1.0,0.0,1.0,14800.0,2023.0
1.0,0.0,0.0,18500.0,2020.0
1.0,0.0,1.0,24500.0,2024.0
1.0,1.0,0.0,7000.0,2020.0
1.0,0.0,0.0,16000.0,2016.0
1.0,0.0,0.0,25000.0,2024.0
1.0,0.0,0.0,25500.0,2014.0
1.0,0.0,0.0,14600.0,2017.0
1.0,0.0,0.0,22500.0,2024.0
1.0,0.0,1.0,8400.0,2006.0
0.0,0.0,1.0,18800.0,2019.0
1.0,0.0,1.0,9000.0,2020.0
0.0,1.0,1.0,12300.0,2024.0
1.0,0.0,0.0,19500.0,2018.0
1.0,0.0,0.0,15000.0,2022.0
1.0,0.0,0.0,21900.0,2017.0
1.0,0.0,0.0,23500.0,2023.0
1.0,0.0,0.0,11000.0,2013.0
0.0,0.0,0.0,15200.0,2019.0
1.0,1.0,0.0,15900.0,2016.0
1.0,1.0,0.0,17000.0,2018.0
0.0,1.0,0.0,2400.0,1998.0
1.0,0.0,0.0,9200.0,2010.0
0.0,0.0,0.0,7600.0,2022.0
1.0,0.0,0.0,16000.0,2017.0
1.0,0.0,0.0,18900.0,2015.0
1.0,1.0,1.0,10200.0,2023.0
0.0,0.0,0.0,8000.0,2020.0
0.0,1.0,1.0,7500.0,2021.0
1.0,0.0,0.0,25300.0,2021.0
1.0,0.0,1.0,14000.0,2016.0
1.0,1.0,0.0,12200.0,2017.0
1.0,0.0,0.0,34500.0,2023.0
1.0,0.0,1.0,13500.0,2023.0
1.0,1.0,0.0,11950.0,2018.0
1.0,0.0,1.0,8400.0,2014.0
1.0,1.0,1.0,7300.0,2013.0
1.0,0.0,1.0,11000.0,2013.0
1.0,0.0,0.0,21000.0,2024.0
1.0,0.0,0.0,19000.0,2016.0
1.0,1.0,1.0,9850.0,2021.0
1.0,0.0,0.0,15900.0,2015.0
0.0,0.0,0.0,16000.0,2024.0
0.0,0.0,0.0,12850.0,2016.0
1.0,1.0,1.0,9000.0,2018.0
1.0,0.0,0.0,10900.0,2010.0
1.0,1.0,1.0,5300.0,2009.0
1.0,1.0,1.0,16800.0,2022.0
0.0,0.0,0.0,26500.0,2024.0
1.0,0.0,0.0,19000.0,2022.0
1.0,1.0,1.0,11500.0,2022.0
0.0,1.0,1.0,9000.0,2017.0
0.0,1.0,1.0,9000.0,2013.0
1.0,1.0,1.0,11800.0,2024.0
1.0,0.0,0.0,11300.0,2026.0
1.0,0.0,0.0,15200.0,2014.0
1.0,0.0,1.0,11500.0,2013.0
1.0,0.0,0.0,23500.0,2021.0
0.0,0.0,1.0,10450.0,2020.0
1.0,0.0,0.0,12300.0,2013.0
0.0,1.0,1.0,11450.0,2025.0
1.0,0.0,1.0,13500.0,2014.0
1.0,0.0,0.0,16500.0,2020.0
0.0,0.0,1.0,8900.0,2017.0
1.0,1.0,0.0,4500.0,2006.0
1.0,0.0,1.0,30000.0,2021.0
0.0,1.0,1.0,12000.0,2013.0
0.0,1.0,1.0,8800.0,2016.0
0.0,0.0,0.0,17000.0,2013.0
0.0,1.0,1.0,12000.0,2019.0
1.0,1.0,1.0,6200.0,2009.0
1.0,0.0,1.0,12700.0,2021.0
1.0,0.0,0.0,16000.0,2018.0
0.0,1.0,1.0,7150.0,2018.0
0.0,0.0,1.0,14700.0,2022.0
0.0,0.0,0.0,25500.0,2022.0
1.0,0.0,1.0,7900.0,2019.0
1.0,0.0,0.0,12800.0,2013.0
1.0,0.0,0.0,25500.0,2025.0
1.0,0.0,1.0,7200.0,2014.0
1.0,0.0,1.0,25000.0,2014.0
0.0,1.0,1.0,9000.0,2019.0
0.0,1.0,1.0,8300.0,2015.0
1.0,0.0,1.0,14500.0,2018.0
1.0,0.0,1.0,9000.0,2017.0
1.0,0.0,0.0,30000.0,2017.0
1.0,0.0,0.0,17500.0,2022.0
1.0,0.0,0.0,27990.0,2020.0
1.0,1.0,1.0,4500.0,2011.0
0.0,0.0,1.0,13000.0,2022.0
1.0,0.0,1.0,8500.0,2022.0
1.0,0.0,0.0,23500.0,2024.0
0.0,1.0,1.0,6500.0,2013.0
1.0,1.0,0.0,2000.0,1985.0
1.0,0.0,0.0,11500.0,2015.0
1.0,1.0,1.0,5000.0,1965.0
1.0,1.0,1.0,10299.0,2014.0
1.0,0.0,0.0,14500.0,2015.0
0.0,1.0,1.0,3800.0,2013.0
1.0,0.0,0.0,19000.0,2020.0
1.0,0.0,0.0,15000.0,2022.0
1.0,1.0,1.0,18900.0,2021.0
1.0,0.0,0.0,19500.0,2021.0
0.0,0.0,1.0,11800.0,2016.0
0.0,0.0,1.0,10000.0,2013.0
1.0,1.0,1.0,12000.0,2021.0
1.0,0.0,1.0,11500.0,2013.0
1.0,0.0,1.0,13500.0,2021.0
1.0,1.0,1.0,8000.0,2017.0
1.0,0.0,1.0,17000.0,2021.0
1.0,1.0,0.0,4600.0,2002.0
1.0,0.0,0.0,12000.0,2021.0
1.0,0.0,0.0,11800.0,2011.0
0.0,0.0,1.0,8200.0,2022.0
1.0,1.0,1.0,10500.0,2016.0
0.0,1.0,1.0,11000.0,2025.0
1.0,1.0,1.0,6000.0,2012.0
0.0,1.0,1.0,4500.0,1992.0
1.0,0.0,0.0,42000.0,2023.0
1.0,0.0,0.0,19500.0,2021.0
1.0,0.0,1.0,13000.0,2018.0
1.0,0.0,0.0,16500.0,2017.0
1.0,1.0,1.0,15200.0,2017.0
1.0,0.0,0.0,9000.0,2009.0
1.0,1.0,1.0,7800.0,2018.0
1.0,1.0,0.0,17800.0,2017.0
1.0,0.0,0.0,36000.0,2018.0
1.0,0.0,0.0,19800.0,2016.0
1.0,1.0,1.0,2500.0,1992.0
0.0,1.0,1.0,6600.0,2010.0
1.0,0.0,1.0,18500.0,2022.0
1.0,1.0,1.0,7000.0,2008.0
1.0,1.0,0.0,19000.0,2022.0
1.0,1.0,0.0,13000.0,2010.0
1.0,0.0,0.0,21000.0,2012.0
1.0,0.0,0.0,13250.0,2015.0
1.0,1.0,1.0,10350.0,2020.0
1.0,0.0,0.0,20000.0,2023.0
1.0,0.0,0.0,22500.0,2022.0
0.0,0.0,1.0,10900.0,2020.0
1.0,0.0,0.0,15790.0,2017.0
1.0,0.0,0.0,8800.0,2006.0
0.0,0.0,1.0,19000.0,2020.0
0.0,0.0,0.0,11000.0,2013.0
1.0,0.0,1.0,16500.0,2018.0
1.0,0.0,0.0,19900.0,2024.0
1.0,1.0,1.0,6000.0,1982.0
1.0,0.0,1.0,14200.0,2020.0
1.0,0.0,1.0,20500.0,2020.0
1.0,1.0,1.0,8290.0,2019.0
1.0,1.0,1.0,6200.0,2012.0
0.0,1.0,1.0,11100.0,2022.0
1.0,1.0,1.0,6700.0,2008.0
1.0,1.0,1.0,11600.0,2017.0
1.0,0.0,1.0,16000.0,2015.0
1.0,1.0,1.0,10000.0,2010.0
1.0,1.0,0.0,9100.0,2014.0
1.0,0.0,0.0,14000.0,2015.0
1.0,0.0,0.0,36800.0,2023.0
1.0,0.0,0.0,54000.0,2024.0
0.0,0.0,0.0,15500.0,2023.0
1.0,0.0,0.0,20900.0,2018.0
1.0,1.0,0.0,23500.0,2018.0
1.0,1.0,1.0,10000.0,2017.0
1.0,0.0,1.0,12500.0,2025.0
1.0,0.0,0.0,36900.0,2023.0
1.0,0.0,0.0,15200.0,2018.0
1.0,0.0,0.0,44990.0,2026.0
1.0,0.0,1.0,17000.0,2013.0
0.0,1.0,1.0,11300.0,2016.0
1.0,0.0,0.0,15000.0,2026.0
1.0,1.0,1.0,5500.0,1998.0
1.0,0.0,0.0,16500.0,2023.0
0.0,0.0,0.0,14800.0,2022.0
1.0,0.0,0.0,17500.0,2020.0
1.0,1.0,0.0,50000.0,2021.0
1.0,0.0,0.0,18500.0,2024.0
